<?xml version="1.0" encoding="UTF-8"?>
<model package="mycomponent" baseClass="xPDOObject" platform="mysql" defaultEngine="MyISAM" phpdoc-package="mycomponent"
       version="1.1">

    <object class="myComponentItem" table="mycomponent_items" extends="xPDOSimpleObject">
        <field key="name" dbtype="varchar" precision="100" phptype="string" null="false" default=""/>
        <field key="description" dbtype="text" phptype="text" null="true" default=""/>
        <field key="active" dbtype="tinyint" precision="1" phptype="boolean" null="true" default="1"/>

        <index alias="name" name="name" primary="false" unique="false" type="BTREE">
            <column key="name" length="" collation="A" null="false"/>
        </index>
        <index alias="active" name="active" primary="false" unique="false" type="BTREE">
            <column key="active" length="" collation="A" null="false"/>
        </index>
    </object>

</model>